domain,model,configuration,slice_type,slice_value,sgadr_lambda,ADR,ADR_minus_ADR_with_witness,ADR_with_two_sided_witness,ADR_with_witness,GADR,GADR_minus_ADR,GADR_minus_GADR_with_witness,GADR_with_two_sided_witness,GADR_with_witness,SGADR,SGADR_minus_SGADR_star,SGADR_star,SGADR_star_with_two_sided_witness,SGADR_star_with_witness,SGADR_with_two_sided_witness,SGADR_with_witness,between_group_ADR_variance,group_concept_applicable,group_coverage,group_level_ADR_at_least_10_pair_success,group_level_ADR_at_least_1_pair_success,group_level_ADR_at_least_2_pair_success,group_level_ADR_at_least_3_pair_success,group_level_ADR_at_least_4_pair_success,group_level_ADR_at_least_5_pair_success,group_level_ADR_at_least_6_pair_success,group_level_ADR_at_least_7_pair_success,group_level_ADR_at_least_8_pair_success,group_level_ADR_at_least_9_pair_success,group_level_ADR_with_two_sided_witness_at_least_10_pair_success,group_level_ADR_with_two_sided_witness_at_least_1_pair_success,group_level_ADR_with_two_sided_witness_at_least_2_pair_success,group_level_ADR_with_two_sided_witness_at_least_3_pair_success,group_level_ADR_with_two_sided_witness_at_least_4_pair_success,group_level_ADR_with_two_sided_witness_at_least_5_pair_success,group_level_ADR_with_two_sided_witness_at_least_6_pair_success,group_level_ADR_with_two_sided_witness_at_least_7_pair_success,group_level_ADR_with_two_sided_witness_at_least_8_pair_success,group_level_ADR_with_two_sided_witness_at_least_9_pair_success,group_level_ADR_with_witness_at_least_10_pair_success,group_level_ADR_with_witness_at_least_1_pair_success,group_level_ADR_with_witness_at_least_2_pair_success,group_level_ADR_with_witness_at_least_3_pair_success,group_level_ADR_with_witness_at_least_4_pair_success,group_level_ADR_with_witness_at_least_5_pair_success,group_level_ADR_with_witness_at_least_6_pair_success,group_level_ADR_with_witness_at_least_7_pair_success,group_level_ADR_with_witness_at_least_8_pair_success,group_level_ADR_with_witness_at_least_9_pair_success,macro_second_moment_ADR_g,max_complete_pairs_in_group,max_pairs_in_group,mean_group_bernoulli_variance,micro_ADR_square,num_complete_pairs_total,num_groups_total,num_groups_with_at_least_10_candidate_pairs,num_groups_with_at_least_10_complete_pairs,num_groups_with_at_least_1_candidate_pairs,num_groups_with_at_least_1_complete_pairs,num_groups_with_at_least_2_candidate_pairs,num_groups_with_at_least_2_complete_pairs,num_groups_with_at_least_3_candidate_pairs,num_groups_with_at_least_3_complete_pairs,num_groups_with_at_least_4_candidate_pairs,num_groups_with_at_least_4_complete_pairs,num_groups_with_at_least_5_candidate_pairs,num_groups_with_at_least_5_complete_pairs,num_groups_with_at_least_6_candidate_pairs,num_groups_with_at_least_6_complete_pairs,num_groups_with_at_least_7_candidate_pairs,num_groups_with_at_least_7_complete_pairs,num_groups_with_at_least_8_candidate_pairs,num_groups_with_at_least_8_complete_pairs,num_groups_with_at_least_9_candidate_pairs,num_groups_with_at_least_9_complete_pairs,num_groups_with_complete_pairs,num_pairs_negative_witness_available,num_pairs_negative_witness_verified,num_pairs_total,pair_completion_rate,pair_success_both_correct_total,pair_success_with_two_sided_witness_total,pair_success_with_witness_total,source_id,threshold_10_interpretation,threshold_10_structurally_possible,witness_status_cdcl_unavailable,witness_status_invalid_assignment,witness_status_missing_assignment,witness_status_missing_cnf,witness_status_satisfied,witness_status_unsatisfied
Graph 3-coloring,Llama-Nemotron-Super-49B (r-on),NVIDIA__nvidia__Llama-3_3-Nemotron-Super-49B-v1_5__cnf_llama_nemotron_super_49b_v15_graph_coloring_cases_interleave_zero_shot_desc_allN_3_5_8_10_15_20_25_30_40_50_60_thinking_reasoning_on,overall,all,1.0,0.3176470588235294,0.25588235294117645,,0.061764705882352944,0.3175953079178886,-5.175090564080165e-05,0.2560117302052786,,0.06158357771260997,0.19245267928552387,0.09155302530628512,0.10089965397923875,,0.0038148788927335614,,0.01892828579045588,0.09158589967406541,True,1.0,0.06451612903225806,0.8387096774193549,0.6129032258064516,0.4838709677419355,0.3548387096774194,0.25806451612903225,0.22580645161290322,0.22580645161290322,0.22580645161290322,0.1935483870967742,,,,,,,,,,,0.0,0.25806451612903225,0.1935483870967742,0.0967741935483871,0.0967741935483871,0.03225806451612903,0.0,0.0,0.0,0.0,0.19245267928552387,11,11,0.1251426286323647,0.10089965397923874,340,31,31,31,31,31,31,31,31,31,31,31,31,31,31,31,31,31,31,31,31,31,31,0,0,341,0.9970674486803519,108,,21,SAT_Group_Evaluation/analysis/graph_coloring_results_analysis/open_source_LLM_3_Colouring_group_adr_with_wilson_and_cp_RMC_graph_paper_case_a.json,substantive repeated-success threshold,True,0,0,109,0,21,16
Graph 3-coloring,Llama-Nemotron-Super-49B (r-on),NVIDIA__nvidia__Llama-3_3-Nemotron-Super-49B-v1_5__cnf_llama_nemotron_super_49b_v15_graph_coloring_cases_interleave_zero_shot_desc_allN_3_5_8_10_15_20_25_30_40_50_60_thinking_reasoning_on,N,8,1.0,0.8636363636363636,0.6590909090909091,,0.20454545454545456,0.8636363636363636,0.0,0.6590909090909091,,0.20454545454545456,0.7479338842975207,0.0020661157024793875,0.7458677685950413,,0.041838842975206625,,0.05165289256198347,0.002066115702479335,True,1.0,0.5,1.0,1.0,1.0,1.0,1.0,1.0,1.0,1.0,1.0,,,,,,,,,,,0.0,1.0,0.75,0.25,0.25,0.0,0.0,0.0,0.0,0.0,0.7479338842975207,11,11,0.11570247933884298,0.7458677685950413,44,4,4,4,4,4,4,4,4,4,4,4,4,4,4,4,4,4,4,4,4,4,4,0,0,44,1.0,38,,9,SAT_Group_Evaluation/analysis/graph_coloring_results_analysis/open_source_LLM_3_Colouring_group_adr_with_wilson_and_cp_RMC_graph_paper_case_a.json,substantive repeated-success threshold,True,0,0,29,0,9,0
Graph 3-coloring,Llama-Nemotron-Super-49B (r-on),NVIDIA__nvidia__Llama-3_3-Nemotron-Super-49B-v1_5__cnf_llama_nemotron_super_49b_v15_graph_coloring_cases_interleave_zero_shot_desc_allN_3_5_8_10_15_20_25_30_40_50_60_thinking_reasoning_on,N,10,1.0,0.6363636363636364,0.43181818181818177,,0.20454545454545456,0.6363636363636364,0.0,0.4318181818181818,,0.20454545454545453,0.475206611570248,0.07024793388429762,0.4049586776859504,,0.041838842975206625,,0.08471074380165289,0.07024793388429752,True,1.0,0.0,1.0,1.0,0.75,0.75,0.75,0.75,0.75,0.75,0.5,,,,,,,,,,,0.0,0.5,0.5,0.5,0.5,0.25,0.0,0.0,0.0,0.0,0.475206611570248,11,11,0.16115702479338842,0.4049586776859504,44,4,4,4,4,4,4,4,4,4,4,4,4,4,4,4,4,4,4,4,4,4,4,0,0,44,1.0,28,,9,SAT_Group_Evaluation/analysis/graph_coloring_results_analysis/open_source_LLM_3_Colouring_group_adr_with_wilson_and_cp_RMC_graph_paper_case_a.json,substantive repeated-success threshold,True,0,0,19,0,9,0
Graph 3-coloring,Llama-Nemotron-Super-49B (r-on),NVIDIA__nvidia__Llama-3_3-Nemotron-Super-49B-v1_5__cnf_llama_nemotron_super_49b_v15_graph_coloring_cases_interleave_zero_shot_desc_allN_3_5_8_10_15_20_25_30_40_50_60_thinking_reasoning_on,N,15,1.0,0.13636363636363635,0.0909090909090909,,0.045454545454545456,0.13636363636363635,0.0,0.0909090909090909,,0.045454545454545456,0.028925619834710745,0.010330578512396701,0.018595041322314043,,0.002066115702479339,,0.008264462809917356,0.010330578512396693,True,1.0,0.0,0.75,0.5,0.25,0.0,0.0,0.0,0.0,0.0,0.0,,,,,,,,,,,0.0,0.25,0.25,0.0,0.0,0.0,0.0,0.0,0.0,0.0,0.02892561983471074,11,11,0.10743801652892562,0.018595041322314047,44,4,4,4,4,4,4,4,4,4,4,4,4,4,4,4,4,4,4,4,4,4,4,0,0,44,1.0,6,,2,SAT_Group_Evaluation/analysis/graph_coloring_results_analysis/open_source_LLM_3_Colouring_group_adr_with_wilson_and_cp_RMC_graph_paper_case_a.json,substantive repeated-success threshold,True,0,0,4,0,2,0
Graph 3-coloring,Llama-Nemotron-Super-49B (r-on),NVIDIA__nvidia__Llama-3_3-Nemotron-Super-49B-v1_5__cnf_llama_nemotron_super_49b_v15_graph_coloring_cases_interleave_zero_shot_desc_allN_3_5_8_10_15_20_25_30_40_50_60_thinking_reasoning_on,N,20,1.0,0.06818181818181818,0.04545454545454545,,0.022727272727272728,0.06818181818181818,0.0,0.04545454545454545,,0.022727272727272728,0.010330578512396695,0.005681818181818184,0.004648760330578511,,0.000516528925619833,,0.002066115702479339,0.005681818181818182,True,1.0,0.0,0.5,0.25,0.0,0.0,0.0,0.0,0.0,0.0,0.0,,,,,,,,,,,0.0,0.25,0.0,0.0,0.0,0.0,0.0,0.0,0.0,0.0,0.010330578512396695,11,11,0.05785123966942149,0.004648760330578512,44,4,4,4,4,4,4,4,4,4,4,4,4,4,4,4,4,4,4,4,4,4,4,0,0,44,1.0,3,,1,SAT_Group_Evaluation/analysis/graph_coloring_results_analysis/open_source_LLM_3_Colouring_group_adr_with_wilson_and_cp_RMC_graph_paper_case_a.json,substantive repeated-success threshold,True,0,0,2,0,1,0
Graph 3-coloring,Llama-Nemotron-Super-49B (r-on),NVIDIA__nvidia__Llama-3_3-Nemotron-Super-49B-v1_5__cnf_llama_nemotron_super_49b_v15_graph_coloring_cases_interleave_zero_shot_desc_allN_3_5_8_10_15_20_25_30_40_50_60_thinking_reasoning_on,N,30,1.0,0.13636363636363635,0.13636363636363635,,0.0,0.13636363636363635,0.0,0.13636363636363635,,0.0,0.0371900826446281,0.018595041322314057,0.018595041322314043,,0.0,,0.0,0.01859504132231405,True,1.0,0.0,0.75,0.25,0.25,0.25,0.0,0.0,0.0,0.0,0.0,,,,,,,,,,,0.0,0.0,0.0,0.0,0.0,0.0,0.0,0.0,0.0,0.0,0.0371900826446281,11,11,0.09917355371900827,0.018595041322314047,44,4,4,4,4,4,4,4,4,4,4,4,4,4,4,4,4,4,4,4,4,4,4,0,0,44,1.0,6,,0,SAT_Group_Evaluation/analysis/graph_coloring_results_analysis/open_source_LLM_3_Colouring_group_adr_with_wilson_and_cp_RMC_graph_paper_case_a.json,substantive repeated-success threshold,True,0,0,9,0,0,1
Graph 3-coloring,Llama-Nemotron-Super-49B (r-on),NVIDIA__nvidia__Llama-3_3-Nemotron-Super-49B-v1_5__cnf_llama_nemotron_super_49b_v15_graph_coloring_cases_interleave_zero_shot_desc_allN_3_5_8_10_15_20_25_30_40_50_60_thinking_reasoning_on,N,40,1.0,0.1590909090909091,0.1590909090909091,,0.0,0.1590909090909091,0.0,0.1590909090909091,,0.0,0.030991735537190084,0.005681818181818198,0.025309917355371886,,0.0,,0.0,0.00568181818181818,True,1.0,0.0,1.0,0.5,0.25,0.0,0.0,0.0,0.0,0.0,0.0,,,,,,,,,,,0.0,0.0,0.0,0.0,0.0,0.0,0.0,0.0,0.0,0.0,0.03099173553719008,11,11,0.128099173553719,0.0253099173553719,44,4,4,4,4,4,4,4,4,4,4,4,4,4,4,4,4,4,4,4,4,4,4,0,0,44,1.0,7,,0,SAT_Group_Evaluation/analysis/graph_coloring_results_analysis/open_source_LLM_3_Colouring_group_adr_with_wilson_and_cp_RMC_graph_paper_case_a.json,substantive repeated-success threshold,True,0,0,9,0,0,6
Graph 3-coloring,Llama-Nemotron-Super-49B (r-on),NVIDIA__nvidia__Llama-3_3-Nemotron-Super-49B-v1_5__cnf_llama_nemotron_super_49b_v15_graph_coloring_cases_interleave_zero_shot_desc_allN_3_5_8_10_15_20_25_30_40_50_60_thinking_reasoning_on,N,50,1.0,0.3488372093023256,0.3488372093023256,,0.0,0.3477272727272727,-0.0011099365750528722,0.3477272727272727,,0.0,0.12580578512396695,0.004118386530132467,0.12168739859383448,,0.0,,0.0,0.004891528925619835,True,1.0,0.0,1.0,1.0,1.0,0.5,0.25,0.0,0.0,0.0,0.0,,,,,,,,,,,0.0,0.0,0.0,0.0,0.0,0.0,0.0,0.0,0.0,0.0,0.12580578512396692,11,11,0.22192148760330577,0.12168739859383451,43,4,4,4,4,4,4,4,4,4,4,4,4,4,4,4,4,4,4,4,4,4,4,0,0,44,0.9772727272727273,15,,0,SAT_Group_Evaluation/analysis/graph_coloring_results_analysis/open_source_LLM_3_Colouring_group_adr_with_wilson_and_cp_RMC_graph_paper_case_a.json,substantive repeated-success threshold,True,0,0,27,0,0,5
Graph 3-coloring,Llama-Nemotron-Super-49B (r-on),NVIDIA__nvidia__Llama-3_3-Nemotron-Super-49B-v1_5__cnf_llama_nemotron_super_49b_v15_graph_coloring_cases_interleave_zero_shot_desc_allN_3_5_8_10_15_20_25_30_40_50_60_thinking_reasoning_on,N,60,1.0,0.15151515151515152,0.15151515151515152,,0.0,0.15151515151515152,0.0,0.15151515151515152,,0.0,0.046831955922865015,0.023875114784205703,0.022956841138659312,,0.0,,0.0,0.023875114784205693,True,1.0,0.0,0.6666666666666666,0.3333333333333333,0.3333333333333333,0.3333333333333333,0.0,0.0,0.0,0.0,0.0,,,,,,,,,,,0.0,0.0,0.0,0.0,0.0,0.0,0.0,0.0,0.0,0.0,0.046831955922865015,11,11,0.1046831955922865,0.022956841138659322,33,3,3,3,3,3,3,3,3,3,3,3,3,3,3,3,3,3,3,3,3,3,3,0,0,33,1.0,5,,0,SAT_Group_Evaluation/analysis/graph_coloring_results_analysis/open_source_LLM_3_Colouring_group_adr_with_wilson_and_cp_RMC_graph_paper_case_a.json,substantive repeated-success threshold,True,0,0,10,0,0,4
Graph 3-coloring,Nemotron-H-47B (r-on),NVIDIA__nvidia__Nemotron-H-47B-Reasoning-128K__cnf_nemotron_h_47b_reasoning_128k_graph_coloring_cases_interleave_zero_shot_desc_allN_3_5_8_10_15_20_25_30_40_50_60_thinking_reasoning_on,overall,all,1.0,0.13435655253837073,0.13378984651711925,,0.0005667060212514758,0.13435655253837073,0.0,0.13378984651711925,,0.0005667060212514758,0.06303745840935923,0.044985775199363254,0.018051683209995978,,3.2115571452272316e-07,,8.586454867446603e-05,0.04498577519936326,True,0.9994807892004154,0.009870129870129871,0.4244155844155844,0.31272727272727274,0.23376623376623376,0.172987012987013,0.13246753246753246,0.07896103896103897,0.05454545454545454,0.034805194805194804,0.0212987012987013,,,,,,,,,,,0.0,0.004675324675324675,0.001038961038961039,0.0005194805194805195,0.0,0.0,0.0,0.0,0.0,0.0,0.06303745840935923,11,11,0.0713190941290115,0.018051683209995974,21175,1926,1925,1925,1925,1925,1925,1925,1925,1925,1925,1925,1925,1925,1925,1925,1925,1925,1925,1925,1925,1925,1925,0,0,21178,0.9998583435640759,2845,,12,SAT_Group_Evaluation/analysis/graph_coloring_results_analysis/open_source_LLM_3_Colouring_group_adr_with_wilson_and_cp_RMC_graph_paper_case_a.json,substantive repeated-success threshold,True,0,0,0,0,32,5494
Graph 3-coloring,Nemotron-H-47B (r-on),NVIDIA__nvidia__Nemotron-H-47B-Reasoning-128K__cnf_nemotron_h_47b_reasoning_128k_graph_coloring_cases_interleave_zero_shot_desc_allN_3_5_8_10_15_20_25_30_40_50_60_thinking_reasoning_on,N,8,1.0,0.3179932101093927,0.3153526970954357,,0.002640513013956997,0.3179932101093927,0.0,0.3153526970954357,,0.002640513013956997,0.1769829566887281,0.0758632750130517,0.10111968167567639,,6.972308976876257e-06,,0.00030863139124172697,0.07586327501305173,True,1.0,0.04149377593360996,0.8298755186721992,0.6473029045643154,0.5186721991701245,0.4190871369294606,0.35269709543568467,0.25311203319502074,0.1950207468879668,0.14522821576763487,0.08713692946058091,,,,,,,,,,,0.0,0.024896265560165973,0.004149377593360996,0.0,0.0,0.0,0.0,0.0,0.0,0.0,0.1769829566887281,11,11,0.14101025342066456,0.10111968167567637,2651,241,241,241,241,241,241,241,241,241,241,241,241,241,241,241,241,241,241,241,241,241,241,0,0,2651,1.0,843,,7,SAT_Group_Evaluation/analysis/graph_coloring_results_analysis/open_source_LLM_3_Colouring_group_adr_with_wilson_and_cp_RMC_graph_paper_case_a.json,substantive repeated-success threshold,True,0,0,0,0,20,1210
Graph 3-coloring,Nemotron-H-47B (r-on),NVIDIA__nvidia__Nemotron-H-47B-Reasoning-128K__cnf_nemotron_h_47b_reasoning_128k_graph_coloring_cases_interleave_zero_shot_desc_allN_3_5_8_10_15_20_25_30_40_50_60_thinking_reasoning_on,N,10,1.0,0.27235005658242173,0.2704639758581667,,0.001886080724254998,0.27235005658242173,0.0,0.2704639758581667,,0.001886080724254998,0.13511196461026712,0.060937411289818805,0.07417455332044831,,3.5573004984062757e-06,,0.0003772161448509996,0.06093741128981882,True,1.0,0.016597510373443983,0.7468879668049793,0.6390041493775933,0.48132780082987553,0.3817427385892116,0.3029045643153527,0.17842323651452283,0.12448132780082988,0.07468879668049792,0.04564315352697095,,,,,,,,,,,0.0,0.012448132780082987,0.004149377593360996,0.004149377593360996,0.0,0.0,0.0,0.0,0.0,0.0,0.13511196461026712,11,11,0.13723809197215459,0.07417455332044831,2651,241,241,241,241,241,241,241,241,241,241,241,241,241,241,241,241,241,241,241,241,241,241,0,0,2651,1.0,722,,5,SAT_Group_Evaluation/analysis/graph_coloring_results_analysis/open_source_LLM_3_Colouring_group_adr_with_wilson_and_cp_RMC_graph_paper_case_a.json,substantive repeated-success threshold,True,0,0,0,0,12,1635
Graph 3-coloring,Nemotron-H-47B (r-on),NVIDIA__nvidia__Nemotron-H-47B-Reasoning-128K__cnf_nemotron_h_47b_reasoning_128k_graph_coloring_cases_interleave_zero_shot_desc_allN_3_5_8_10_15_20_25_30_40_50_60_thinking_reasoning_on,N,15,1.0,0.19049415314975482,0.19049415314975482,,0.0,0.1904941531497548,-2.7755575615628914e-17,0.1904941531497548,,0.0,0.08082713212852782,0.04453910974428557,0.03628802238424225,,0.0,,0.0,0.044539109744285585,True,1.0,0.012448132780082987,0.6307053941908713,0.4854771784232365,0.36099585062240663,0.2572614107883817,0.16182572614107885,0.08713692946058091,0.058091286307053944,0.02074688796680498,0.016597510373443983,,,,,,,,,,,0.0,0.0,0.0,0.0,0.0,0.0,0.0,0.0,0.0,0.0,0.08082713212852782,11,11,0.10966702102122698,0.036288022384242245,2651,241,241,241,241,241,241,241,241,241,241,241,241,241,241,241,241,241,241,241,241,241,241,0,0,2651,1.0,505,,0,SAT_Group_Evaluation/analysis/graph_coloring_results_analysis/open_source_LLM_3_Colouring_group_adr_with_wilson_and_cp_RMC_graph_paper_case_a.json,substantive repeated-success threshold,True,0,0,0,0,0,1114
Graph 3-coloring,Nemotron-H-47B (r-on),NVIDIA__nvidia__Nemotron-H-47B-Reasoning-128K__cnf_nemotron_h_47b_reasoning_128k_graph_coloring_cases_interleave_zero_shot_desc_allN_3_5_8_10_15_20_25_30_40_50_60_thinking_reasoning_on,N,20,1.0,0.15352697095435686,0.15352697095435686,,0.0,0.15352697095435686,0.0,0.15352697095435686,,0.0,0.06292651143650767,0.039355980626087736,0.023570530810419932,,0.0,,0.0,0.03935598062608773,True,1.0,0.004149377593360996,0.5601659751037344,0.37344398340248963,0.27385892116182575,0.1825726141078838,0.14937759336099585,0.07053941908713693,0.03319502074688797,0.024896265560165973,0.016597510373443983,,,,,,,,,,,0.0,0.0,0.0,0.0,0.0,0.0,0.0,0.0,0.0,0.0,0.06292651143650765,11,11,0.09060045951784917,0.023570530810419935,2651,241,241,241,241,241,241,241,241,241,241,241,241,241,241,241,241,241,241,241,241,241,241,0,0,2651,1.0,407,,0,SAT_Group_Evaluation/analysis/graph_coloring_results_analysis/open_source_LLM_3_Colouring_group_adr_with_wilson_and_cp_RMC_graph_paper_case_a.json,substantive repeated-success threshold,True,0,0,0,0,0,851
Graph 3-coloring,Nemotron-H-47B (r-on),NVIDIA__nvidia__Nemotron-H-47B-Reasoning-128K__cnf_nemotron_h_47b_reasoning_128k_graph_coloring_cases_interleave_zero_shot_desc_allN_3_5_8_10_15_20_25_30_40_50_60_thinking_reasoning_on,N,30,1.0,0.10562052055827989,0.10562052055827989,,0.0,0.10562052055827989,0.0,0.10562052055827989,,0.0,0.03820170776036487,0.027046013397362845,0.011155694363002025,,0.0,,0.0,0.027046013397362845,True,1.0,0.004149377593360996,0.45643153526970953,0.26556016597510373,0.17427385892116182,0.1078838174273859,0.07468879668049792,0.03734439834024896,0.024896265560165973,0.012448132780082987,0.004149377593360996,,,,,,,,,,,0.0,0.0,0.0,0.0,0.0,0.0,0.0,0.0,0.0,0.0,0.03820170776036487,11,11,0.06741881279791502,0.011155694363002025,2651,241,241,241,241,241,241,241,241,241,241,241,241,241,241,241,241,241,241,241,241,241,241,0,0,2651,1.0,280,,0,SAT_Group_Evaluation/analysis/graph_coloring_results_analysis/open_source_LLM_3_Colouring_group_adr_with_wilson_and_cp_RMC_graph_paper_case_a.json,substantive repeated-success threshold,True,0,0,0,0,0,546
Graph 3-coloring,Nemotron-H-47B (r-on),NVIDIA__nvidia__Nemotron-H-47B-Reasoning-128K__cnf_nemotron_h_47b_reasoning_128k_graph_coloring_cases_interleave_zero_shot_desc_allN_3_5_8_10_15_20_25_30_40_50_60_thinking_reasoning_on,N,40,1.0,0.021212121212121213,0.021212121212121213,,0.0,0.021212121212121213,0.0,0.021212121212121213,,0.0,0.005991735537190083,0.00554178145087236,0.00044995408631772274,,0.0,,0.0,0.005541781450872359,True,0.995850622406639,0.0,0.10833333333333334,0.05416666666666667,0.0375,0.020833333333333332,0.008333333333333333,0.004166666666666667,0.0,0.0,0.0,,,,,,,,,,,0.0,0.0,0.0,0.0,0.0,0.0,0.0,0.0,0.0,0.0,0.005991735537190082,11,11,0.01522038567493113,0.00044995408631772274,2640,241,240,240,240,240,240,240,240,240,240,240,240,240,240,240,240,240,240,240,240,240,240,0,0,2643,0.9988649262202043,56,,0,SAT_Group_Evaluation/analysis/graph_coloring_results_analysis/open_source_LLM_3_Colouring_group_adr_with_wilson_and_cp_RMC_graph_paper_case_a.json,substantive repeated-success threshold,True,0,0,0,0,0,84
Graph 3-coloring,Nemotron-H-47B (r-on),NVIDIA__nvidia__Nemotron-H-47B-Reasoning-128K__cnf_nemotron_h_47b_reasoning_128k_graph_coloring_cases_interleave_zero_shot_desc_allN_3_5_8_10_15_20_25_30_40_50_60_thinking_reasoning_on,N,50,1.0,0.012121212121212121,0.012121212121212121,,0.0,0.012121212121212121,0.0,0.012121212121212121,,0.0,0.0035123966942148762,0.0033654729109274567,0.0001469237832874195,,0.0,,0.0,0.003365472910927456,True,1.0,0.0,0.058333333333333334,0.03333333333333333,0.020833333333333332,0.0125,0.008333333333333333,0.0,0.0,0.0,0.0,,,,,,,,,,,0.0,0.0,0.0,0.0,0.0,0.0,0.0,0.0,0.0,0.0,0.003512396694214876,11,11,0.008608815426997244,0.00014692378328741966,2640,240,240,240,240,240,240,240,240,240,240,240,240,240,240,240,240,240,240,240,240,240,240,0,0,2640,1.0,32,,0,SAT_Group_Evaluation/analysis/graph_coloring_results_analysis/open_source_LLM_3_Colouring_group_adr_with_wilson_and_cp_RMC_graph_paper_case_a.json,substantive repeated-success threshold,True,0,0,0,0,0,54
Graph 3-coloring,Nemotron-H-47B (r-on),NVIDIA__nvidia__Nemotron-H-47B-Reasoning-128K__cnf_nemotron_h_47b_reasoning_128k_graph_coloring_cases_interleave_zero_shot_desc_allN_3_5_8_10_15_20_25_30_40_50_60_thinking_reasoning_on,N,60,1.0,0.0,0.0,,0.0,0.0,0.0,0.0,,0.0,0.0,0.0,0.0,,0.0,,0.0,0.0,True,1.0,0.0,0.0,0.0,0.0,0.0,0.0,0.0,0.0,0.0,0.0,,,,,,,,,,,0.0,0.0,0.0,0.0,0.0,0.0,0.0,0.0,0.0,0.0,0.0,11,11,0.0,0.0,2640,240,240,240,240,240,240,240,240,240,240,240,240,240,240,240,240,240,240,240,240,240,240,0,0,2640,1.0,0,,0,SAT_Group_Evaluation/analysis/graph_coloring_results_analysis/open_source_LLM_3_Colouring_group_adr_with_wilson_and_cp_RMC_graph_paper_case_a.json,substantive repeated-success threshold,True,,,,,,
Graph 3-coloring,QwQ-32B (think),qwen__Qwen__QwQ-32B,overall,all,1.0,0.4236499068901304,0.2420856610800745,,0.18156424581005587,0.423260667903525,-0.00038923898660536693,0.24190630797773652,,0.1813543599257885,0.2851155865238657,0.10563634291584956,0.17947924360801615,,0.032965575356574406,,0.06984736043177601,0.10596599352972762,True,0.98989898989899,0.1326530612244898,0.9285714285714286,0.7346938775510204,0.6122448979591837,0.5,0.4387755102040816,0.37755102040816324,0.3469387755102041,0.2755102040816326,0.21428571428571427,,,,,,,,,,,0.0,0.6428571428571429,0.47959183673469385,0.3673469387755102,0.24489795918367346,0.12244897959183673,0.07142857142857142,0.030612244897959183,0.02040816326530612,0.01020408163265306,0.2851155865238657,11,11,0.1381450813796593,0.17947924360801615,1074,99,98,97,98,98,98,98,98,98,98,98,98,98,98,98,98,98,98,98,98,97,98,0,0,1085,0.9898617511520738,455,,195,SAT_Group_Evaluation/analysis/graph_coloring_results_analysis/open_source_LLM_3_Colouring_group_adr_with_wilson_and_cp_RMC_graph_paper_case_a.json,substantive repeated-success threshold,True,0,0,262,0,195,37
Graph 3-coloring,QwQ-32B (think),qwen__Qwen__QwQ-32B,N,8,1.0,0.8344594594594594,0.43918918918918914,,0.3952702702702703,0.8346801346801347,0.00022067522067525935,0.4390572390572391,,0.3956228956228956,0.7180930517294153,0.021770462248042133,0.6963225894813732,,0.15623858655953252,,0.17883379247015613,0.021402124499767597,True,1.0,0.4444444444444444,1.0,1.0,1.0,1.0,1.0,1.0,0.9259259259259259,0.8148148148148148,0.6666666666666666,,,,,,,,,,,0.0,1.0,0.9629629629629629,0.8888888888888888,0.7407407407407407,0.37037037037037035,0.2222222222222222,0.07407407407407407,0.037037037037037035,0.037037037037037035,0.7180930517294153,11,11,0.1165870829507193,0.6963225894813733,296,27,27,27,27,27,27,27,27,27,27,27,27,27,27,27,27,27,27,27,27,27,27,0,0,297,0.9966329966329966,247,,117,SAT_Group_Evaluation/analysis/graph_coloring_results_analysis/open_source_LLM_3_Colouring_group_adr_with_wilson_and_cp_RMC_graph_paper_case_a.json,substantive repeated-success threshold,True,0,0,130,0,117,0
Graph 3-coloring,QwQ-32B (think),qwen__Qwen__QwQ-32B,N,10,1.0,0.6611570247933884,0.3305785123966942,,0.3305785123966942,0.6611570247933884,0.0,0.3305785123966942,,0.3305785123966942,0.4613072877535688,0.024178676319923542,0.43712861143364523,,0.10928215285841131,,0.13072877535687455,0.024178676319923507,True,1.0,0.09090909090909091,1.0,1.0,1.0,1.0,0.9090909090909091,0.8181818181818182,0.7272727272727273,0.45454545454545453,0.2727272727272727,,,,,,,,,,,0.0,1.0,1.0,0.8181818181818182,0.36363636363636365,0.18181818181818182,0.09090909090909091,0.09090909090909091,0.09090909090909091,0.0,0.4613072877535688,11,11,0.19984973703981967,0.4371286114336453,121,11,11,11,11,11,11,11,11,11,11,11,11,11,11,11,11,11,11,11,11,11,11,0,0,121,1.0,80,,40,SAT_Group_Evaluation/analysis/graph_coloring_results_analysis/open_source_LLM_3_Colouring_group_adr_with_wilson_and_cp_RMC_graph_paper_case_a.json,substantive repeated-success threshold,True,0,0,40,0,40,0
Graph 3-coloring,QwQ-32B (think),qwen__Qwen__QwQ-32B,N,15,1.0,0.2108843537414966,0.10204081632653063,,0.10884353741496598,0.210016835016835,-0.0008675187246616201,0.10227272727272724,,0.10774410774410775,0.06700049739822467,0.022528286745256004,0.04447221065296866,,0.011846915637003103,,0.019589837771655953,0.022893426407736173,True,1.0,0.0,0.9259259259259259,0.5555555555555556,0.4074074074074074,0.2222222222222222,0.1111111111111111,0.037037037037037035,0.037037037037037035,0.0,0.0,,,,,,,,,,,0.0,0.7037037037037037,0.37037037037037035,0.1111111111111111,0.0,0.0,0.0,0.0,0.0,0.0,0.06700049739822467,11,11,0.14301633761861035,0.04447221065296868,294,27,27,26,27,27,27,27,27,27,27,27,27,27,27,27,27,27,27,27,27,26,27,0,0,297,0.98989898989899,62,,32,SAT_Group_Evaluation/analysis/graph_coloring_results_analysis/open_source_LLM_3_Colouring_group_adr_with_wilson_and_cp_RMC_graph_paper_case_a.json,substantive repeated-success threshold,True,0,0,29,0,32,1
Graph 3-coloring,QwQ-32B (think),qwen__Qwen__QwQ-32B,N,20,1.0,0.1322314049586777,0.09090909090909091,,0.04132231404958678,0.1322314049586777,0.0,0.09090909090909091,,0.04132231404958678,0.02404207362885049,0.0065569291715046815,0.017485144457345808,,0.001707533638412674,,0.003756574004507889,0.006556929171504677,True,1.0,0.0,0.9090909090909091,0.36363636363636365,0.18181818181818182,0.0,0.0,0.0,0.0,0.0,0.0,,,,,,,,,,,0.0,0.45454545454545453,0.0,0.0,0.0,0.0,0.0,0.0,0.0,0.0,0.02404207362885049,11,11,0.1081893313298272,0.01748514445734581,121,11,11,11,11,11,11,11,11,11,11,11,11,11,11,11,11,11,11,11,11,11,11,0,0,121,1.0,16,,5,SAT_Group_Evaluation/analysis/graph_coloring_results_analysis/open_source_LLM_3_Colouring_group_adr_with_wilson_and_cp_RMC_graph_paper_case_a.json,substantive repeated-success threshold,True,0,0,11,0,5,0
Graph 3-coloring,QwQ-32B (think),qwen__Qwen__QwQ-32B,N,30,1.0,0.12396694214876033,0.11570247933884298,,0.008264462809917356,0.12396694214876035,1.3877787807814457e-17,0.11570247933884299,,0.008264462809917356,0.029301277235161537,0.013933474489447435,0.015367802745714101,,6.830134553650717e-05,,0.0007513148009015778,0.01393347448944744,True,1.0,0.0,0.6363636363636364,0.45454545454545453,0.18181818181818182,0.09090909090909091,0.0,0.0,0.0,0.0,0.0,,,,,,,,,,,0.0,0.09090909090909091,0.0,0.0,0.0,0.0,0.0,0.0,0.0,0.0,0.02930127723516153,11,11,0.0946656649135988,0.015367802745714091,121,11,11,11,11,11,11,11,11,11,11,11,11,11,11,11,11,11,11,11,11,11,11,0,0,121,1.0,15,,1,SAT_Group_Evaluation/analysis/graph_coloring_results_analysis/open_source_LLM_3_Colouring_group_adr_with_wilson_and_cp_RMC_graph_paper_case_a.json,substantive repeated-success threshold,True,0,0,9,0,1,7
Graph 3-coloring,QwQ-32B (think),qwen__Qwen__QwQ-32B,N,40,1.0,0.3090909090909091,0.3090909090909091,,0.0,0.3090909090909091,0.0,0.3090909090909091,,0.0,0.10743801652892562,0.011900826446280988,0.09553719008264464,,0.0,,0.0,0.011900826446280991,True,0.9090909090909091,0.0,1.0,1.0,0.7,0.4,0.3,0.0,0.0,0.0,0.0,,,,,,,,,,,0.0,0.0,0.0,0.0,0.0,0.0,0.0,0.0,0.0,0.0,0.10743801652892562,11,11,0.20165289256198346,0.09553719008264462,110,11,10,10,10,10,10,10,10,10,10,10,10,10,10,10,10,10,10,10,10,10,10,0,0,117,0.9401709401709402,34,,0,SAT_Group_Evaluation/analysis/graph_coloring_results_analysis/open_source_LLM_3_Colouring_group_adr_with_wilson_and_cp_RMC_graph_paper_case_a.json,substantive repeated-success threshold,True,0,0,39,0,0,23
Graph 3-coloring,QwQ-32B (think),qwen__Qwen__QwQ-32B,N,50,1.0,0.09090909090909091,0.09090909090909091,,0.0,0.09090909090909091,0.0,0.09090909090909091,,0.0,0.008264462809917356,0.0,0.008264462809917356,,0.0,,0.0,0.0,True,1.0,0.0,1.0,0.0,0.0,0.0,0.0,0.0,0.0,0.0,0.0,,,,,,,,,,,0.0,0.0,0.0,0.0,0.0,0.0,0.0,0.0,0.0,0.0,0.008264462809917356,11,11,0.08264462809917356,0.008264462809917356,11,1,1,1,1,1,1,1,1,1,1,1,1,1,1,1,1,1,1,1,1,1,1,0,0,11,1.0,1,,0,SAT_Group_Evaluation/analysis/graph_coloring_results_analysis/open_source_LLM_3_Colouring_group_adr_with_wilson_and_cp_RMC_graph_paper_case_a.json,substantive repeated-success threshold,True,0,0,4,0,0,6
Graph 3-coloring,Qwen3-14B (think),qwen__Qwen__Qwen3-14B,overall,all,1.0,0.31995812979762733,0.15457083042568037,,0.16538729937194696,0.3199814234296993,2.3293632071985648e-05,0.15459189597120634,,0.16538952745849297,0.18379546070246175,0.08142225587886642,0.10237320482359533,,0.027352958793546017,,0.07632314084769674,0.08140734936236524,True,0.9886363636363636,0.04980842911877394,0.7969348659003831,0.6245210727969349,0.5172413793103449,0.4367816091954023,0.3486590038314176,0.2796934865900383,0.210727969348659,0.13793103448275862,0.10344827586206896,,,,,,,,,,,0.0,0.4559386973180077,0.38697318007662834,0.3333333333333333,0.24904214559386972,0.1724137931034483,0.12643678160919541,0.06513409961685823,0.022988505747126436,0.0038314176245210726,0.18379546070246175,11,11,0.13618596272723754,0.10237320482359534,2866,264,261,260,261,261,261,261,261,261,261,261,261,261,261,261,261,260,261,260,261,260,261,0,0,2889,0.9920387677397023,917,,474,SAT_Group_Evaluation/analysis/graph_coloring_results_analysis/open_source_LLM_3_Colouring_group_adr_with_wilson_and_cp_RMC_graph_paper_case_a.json,substantive repeated-success threshold,True,0,0,327,0,492,1172
Graph 3-coloring,Qwen3-14B (think),qwen__Qwen__Qwen3-14B,N,8,1.0,0.687603305785124,0.22479338842975205,,0.4628099173553719,0.687603305785124,0.0,0.2247933884297521,,0.46280991735537186,0.5045830202854996,0.031784714158868965,0.47279830612663065,,0.21419301960248618,,0.2377160030052592,0.03178471415886893,True,1.0,0.2,1.0,1.0,0.9818181818181818,0.9818181818181818,0.9272727272727272,0.8545454545454545,0.7272727272727273,0.4727272727272727,0.4,,,,,,,,,,,0.0,1.0,1.0,0.9636363636363636,0.7636363636363637,0.5818181818181818,0.4727272727272727,0.23636363636363636,0.07272727272727272,0.0,0.5045830202854996,11,11,0.18302028549962435,0.4727983061266307,605,55,55,55,55,55,55,55,55,55,55,55,55,55,55,55,55,55,55,55,55,55,55,0,0,605,1.0,416,,280,SAT_Group_Evaluation/analysis/graph_coloring_results_analysis/open_source_LLM_3_Colouring_group_adr_with_wilson_and_cp_RMC_graph_paper_case_a.json,substantive repeated-success threshold,True,0,0,136,0,282,0
Graph 3-coloring,Qwen3-14B (think),qwen__Qwen__Qwen3-14B,N,10,1.0,0.5174129353233831,0.16666666666666663,,0.35074626865671643,0.5151515151515151,-0.0022614201718679228,0.16666666666666663,,0.3484848484848485,0.3161591343409525,0.04844298870099312,0.2677161456399594,,0.12302294497660951,,0.15397835852381309,0.05077805077805078,True,1.0,0.05405405405405406,1.0,0.9459459459459459,0.8648648648648649,0.7837837837837838,0.6486486486486487,0.5135135135135135,0.3783783783783784,0.2702702702702703,0.13513513513513514,,,,,,,,,,,0.0,0.9459459459459459,0.8918918918918919,0.7837837837837838,0.5135135135135135,0.2972972972972973,0.1891891891891892,0.10810810810810811,0.05405405405405406,0.02702702702702703,0.3161591343409525,11,11,0.1989923808105626,0.2677161456399594,402,37,37,36,37,37,37,37,37,37,37,37,37,37,37,37,37,36,37,36,37,36,37,0,0,407,0.9877149877149877,208,,141,SAT_Group_Evaluation/analysis/graph_coloring_results_analysis/open_source_LLM_3_Colouring_group_adr_with_wilson_and_cp_RMC_graph_paper_case_a.json,substantive repeated-success threshold,True,0,0,68,0,142,0
Graph 3-coloring,Qwen3-14B (think),qwen__Qwen__Qwen3-14B,N,15,1.0,0.2946127946127946,0.2053872053872054,,0.08922558922558922,0.2946127946127946,0.0,0.2053872053872054,,0.08922558922558922,0.10820324456688092,0.021406545817320252,0.08679669874956067,,0.007961205772653579,,0.021273339455157636,0.021406545817320224,True,0.9818181818181818,0.0,1.0,0.8333333333333334,0.6296296296296297,0.42592592592592593,0.2222222222222222,0.1111111111111111,0.018518518518518517,0.0,0.0,,,,,,,,,,,0.0,0.5370370370370371,0.24074074074074073,0.09259259259259259,0.07407407407407407,0.037037037037037035,0.0,0.0,0.0,0.0,0.10820324456688092,11,11,0.18640955004591367,0.0867966987495607,594,55,54,54,54,54,54,54,54,54,54,54,54,54,54,54,54,54,54,54,54,54,54,0,0,599,0.991652754590985,175,,53,SAT_Group_Evaluation/analysis/graph_coloring_results_analysis/open_source_LLM_3_Colouring_group_adr_with_wilson_and_cp_RMC_graph_paper_case_a.json,substantive repeated-success threshold,True,0,0,61,0,64,97
Graph 3-coloring,Qwen3-14B (think),qwen__Qwen__Qwen3-14B,N,20,1.0,0.22474747474747475,0.22474747474747475,,0.0,0.22474747474747472,-2.7755575615628914e-17,0.22474747474747472,,0.0,0.06726354453627181,0.01675211713090502,0.05051142740536679,,0.0,,0.0,0.016752117130905006,True,1.0,0.0,0.9444444444444444,0.75,0.4166666666666667,0.2222222222222222,0.1111111111111111,0.027777777777777776,0.0,0.0,0.0,,,,,,,,,,,0.0,0.0,0.0,0.0,0.0,0.0,0.0,0.0,0.0,0.0,0.0672635445362718,11,11,0.15748393021120294,0.0505114274053668,396,36,36,36,36,36,36,36,36,36,36,36,36,36,36,36,36,36,36,36,36,36,36,0,0,396,1.0,89,,0,SAT_Group_Evaluation/analysis/graph_coloring_results_analysis/open_source_LLM_3_Colouring_group_adr_with_wilson_and_cp_RMC_graph_paper_case_a.json,substantive repeated-success threshold,True,0,0,29,0,4,259
Graph 3-coloring,Qwen3-14B (think),qwen__Qwen__Qwen3-14B,N,30,1.0,0.030303030303030304,0.030303030303030304,,0.0,0.0303030303030303,-3.469446951953614e-18,0.0303030303030303,,0.0,0.003213957759412305,0.0022956841138659346,0.0009182736455463705,,0.0,,0.0,0.002295684113865932,True,1.0,0.0,0.3055555555555556,0.027777777777777776,0.0,0.0,0.0,0.0,0.0,0.0,0.0,,,,,,,,,,,0.0,0.0,0.0,0.0,0.0,0.0,0.0,0.0,0.0,0.0,0.003213957759412305,11,11,0.027089072543618,0.0009182736455463729,396,36,36,36,36,36,36,36,36,36,36,36,36,36,36,36,36,36,36,36,36,36,36,0,0,396,1.0,12,,0,SAT_Group_Evaluation/analysis/graph_coloring_results_analysis/open_source_LLM_3_Colouring_group_adr_with_wilson_and_cp_RMC_graph_paper_case_a.json,substantive repeated-success threshold,True,0,0,21,0,0,362
Graph 3-coloring,Qwen3-14B (think),qwen__Qwen__Qwen3-14B,N,40,1.0,0.03535353535353535,0.03535353535353535,,0.0,0.03535353535353535,0.0,0.03535353535353535,,0.0,0.003213957759412305,0.0019640852974186335,0.0012498724619936716,,0.0,,0.0,0.0019640852974186305,True,1.0,0.0,0.3888888888888889,0.0,0.0,0.0,0.0,0.0,0.0,0.0,0.0,,,,,,,,,,,0.0,0.0,0.0,0.0,0.0,0.0,0.0,0.0,0.0,0.0,0.003213957759412305,11,11,0.03213957759412305,0.001249872461993674,396,36,36,36,36,36,36,36,36,36,36,36,36,36,36,36,36,36,36,36,36,36,36,0,0,396,1.0,14,,0,SAT_Group_Evaluation/analysis/graph_coloring_results_analysis/open_source_LLM_3_Colouring_group_adr_with_wilson_and_cp_RMC_graph_paper_case_a.json,substantive repeated-success threshold,True,0,0,10,0,0,369
Graph 3-coloring,Qwen3-14B (think),qwen__Qwen__Qwen3-14B,N,50,1.0,0.03896103896103896,0.03896103896103896,,0.0,0.03896103896103896,0.0,0.03896103896103896,,0.0,0.0035419126328217238,0.0020239500758981285,0.0015179625569235952,,0.0,,0.0,0.002023950075898128,True,0.7777777777777778,0.0,0.42857142857142855,0.0,0.0,0.0,0.0,0.0,0.0,0.0,0.0,,,,,,,,,,,0.0,0.0,0.0,0.0,0.0,0.0,0.0,0.0,0.0,0.0,0.0035419126328217238,11,11,0.03541912632821724,0.0015179625569235959,77,9,7,7,7,7,7,7,7,7,7,7,7,7,7,7,7,7,7,7,7,7,7,0,0,90,0.8555555555555555,3,,0,SAT_Group_Evaluation/analysis/graph_coloring_results_analysis/open_source_LLM_3_Colouring_group_adr_with_wilson_and_cp_RMC_graph_paper_case_a.json,substantive repeated-success threshold,True,0,0,2,0,0,85
Graph 3-coloring,Qwen3-32B (think),qwen__Qwen__Qwen3-32B,overall,all,1.0,0.313969571230982,0.14246196403872752,,0.1715076071922545,0.3133608815426997,-0.0006086896882823156,0.1421487603305785,,0.1712121212121212,0.1616892061106937,0.06311231445172702,0.09857689165896669,,0.029414859324812664,,0.07326571500125219,0.06349416402947583,True,0.9850746268656716,0.015151515151515152,0.8560606060606061,0.6590909090909091,0.5681818181818182,0.4318181818181818,0.3409090909090909,0.22727272727272727,0.17424242424242425,0.09848484848484848,0.06060606060606061,,,,,,,,,,,0.0,0.553030303030303,0.4393939393939394,0.3181818181818182,0.20454545454545456,0.16666666666666666,0.09848484848484848,0.06818181818181818,0.022727272727272728,0.007575757575757576,0.1616892061106937,11,11,0.15167167543200602,0.09857689165896669,1446,134,132,131,132,132,132,132,132,132,132,132,132,132,132,132,132,132,132,131,132,131,132,0,0,1466,0.9863574351978172,454,,248,SAT_Group_Evaluation/analysis/graph_coloring_results_analysis/open_source_LLM_3_Colouring_group_adr_with_wilson_and_cp_RMC_graph_paper_case_a.json,substantive repeated-success threshold,True,0,0,205,0,255,342
Graph 3-coloring,Qwen3-32B (think),qwen__Qwen__Qwen3-32B,N,8,1.0,0.6310975609756098,0.18292682926829268,,0.4481707317073171,0.6303030303030304,-0.0007945306725793966,0.1830303030303031,,0.44727272727272727,0.42741046831955926,0.029126336850195778,0.3982841314693635,,0.200857004759072,,0.22898071625344354,0.030128558310376495,True,1.0,0.06666666666666667,1.0,1.0,1.0,0.9666666666666667,0.9,0.7,0.6,0.36666666666666664,0.26666666666666666,,,,,,,,,,,0.0,1.0,1.0,0.9333333333333333,0.7,0.5333333333333333,0.3333333333333333,0.26666666666666666,0.1,0.03333333333333333,0.42741046831955926,11,11,0.20289256198347108,0.3982841314693635,328,30,30,30,30,30,30,30,30,30,30,30,30,30,30,30,30,30,30,30,30,30,30,0,0,330,0.9939393939393939,207,,147,SAT_Group_Evaluation/analysis/graph_coloring_results_analysis/open_source_LLM_3_Colouring_group_adr_with_wilson_and_cp_RMC_graph_paper_case_a.json,substantive repeated-success threshold,True,0,0,61,0,149,0
Graph 3-coloring,Qwen3-32B (think),qwen__Qwen__Qwen3-32B,N,10,1.0,0.3888888888888889,0.08080808080808083,,0.30808080808080807,0.3888888888888889,0.0,0.08080808080808083,,0.30808080808080807,0.18778696051423324,0.036552392612998696,0.15123456790123455,,0.09491378430772368,,0.1216712580348944,0.036552392612998676,True,1.0,0.0,1.0,0.8333333333333334,0.8333333333333334,0.6111111111111112,0.4444444444444444,0.2777777777777778,0.2222222222222222,0.05555555555555555,0.0,,,,,,,,,,,0.0,1.0,0.8333333333333334,0.6666666666666666,0.3333333333333333,0.3333333333333333,0.16666666666666666,0.05555555555555555,0.0,0.0,0.18778696051423321,11,11,0.20110192837465565,0.15123456790123457,198,18,18,18,18,18,18,18,18,18,18,18,18,18,18,18,18,18,18,18,18,18,18,0,0,198,1.0,77,,61,SAT_Group_Evaluation/analysis/graph_coloring_results_analysis/open_source_LLM_3_Colouring_group_adr_with_wilson_and_cp_RMC_graph_paper_case_a.json,substantive repeated-success threshold,True,0,0,15,0,63,1
Graph 3-coloring,Qwen3-32B (think),qwen__Qwen__Qwen3-32B,N,15,1.0,0.21316614420062696,0.11598746081504703,,0.09717868338557993,0.21316614420062696,0.0,0.11598746081504702,,0.09717868338557994,0.07409518381305215,0.02865537877968967,0.04543980503336248,,0.009443696504554788,,0.01681390709603876,0.028655378779689666,True,0.9666666666666667,0.0,0.8620689655172413,0.5862068965517241,0.4482758620689655,0.20689655172413793,0.10344827586206896,0.06896551724137931,0.034482758620689655,0.034482758620689655,0.0,,,,,,,,,,,0.0,0.6551724137931034,0.3448275862068966,0.06896551724137931,0.0,0.0,0.0,0.0,0.0,0.0,0.07409518381305215,11,11,0.1390709603875748,0.045439805033362486,319,30,29,29,29,29,29,29,29,29,29,29,29,29,29,29,29,29,29,29,29,29,29,0,0,327,0.9755351681957186,68,,31,SAT_Group_Evaluation/analysis/graph_coloring_results_analysis/open_source_LLM_3_Colouring_group_adr_with_wilson_and_cp_RMC_graph_paper_case_a.json,substantive repeated-success threshold,True,0,0,21,0,34,21
Graph 3-coloring,Qwen3-32B (think),qwen__Qwen__Qwen3-32B,N,20,1.0,0.28350515463917525,0.23711340206185566,,0.04639175257731959,0.2777777777777778,-0.00572737686139746,0.23232323232323232,,0.045454545454545456,0.10055096418732783,0.020175791480345165,0.08037517270698266,,0.002152194707195243,,0.006887052341597796,0.023390470360167327,True,1.0,0.0,0.9444444444444444,0.7777777777777778,0.6111111111111112,0.3888888888888889,0.2777777777777778,0.05555555555555555,0.0,0.0,0.0,,,,,,,,,,,0.0,0.3333333333333333,0.16666666666666666,0.0,0.0,0.0,0.0,0.0,0.0,0.0,0.10055096418732781,11,11,0.17722681359044995,0.08037517270698268,194,18,18,17,18,18,18,18,18,18,18,18,18,18,18,18,18,18,18,17,18,17,18,0,0,198,0.9797979797979798,55,,9,SAT_Group_Evaluation/analysis/graph_coloring_results_analysis/open_source_LLM_3_Colouring_group_adr_with_wilson_and_cp_RMC_graph_paper_case_a.json,substantive repeated-success threshold,True,0,0,20,0,9,51
Graph 3-coloring,Qwen3-32B (think),qwen__Qwen__Qwen3-32B,N,30,1.0,0.21390374331550802,0.21390374331550802,,0.0,0.21390374331550802,0.0,0.21390374331550802,,0.0,0.06611570247933884,0.02036089107495212,0.045754811404386725,,0.0,,0.0,0.0203608910749521,True,1.0,0.0,0.9411764705882353,0.6470588235294118,0.35294117647058826,0.23529411764705882,0.11764705882352941,0.058823529411764705,0.0,0.0,0.0,,,,,,,,,,,0.0,0.0,0.0,0.0,0.0,0.0,0.0,0.0,0.0,0.0,0.06611570247933883,11,11,0.14778804083616917,0.04575481140438674,187,17,17,17,17,17,17,17,17,17,17,17,17,17,17,17,17,17,17,17,17,17,17,0,0,187,1.0,40,,0,SAT_Group_Evaluation/analysis/graph_coloring_results_analysis/open_source_LLM_3_Colouring_group_adr_with_wilson_and_cp_RMC_graph_paper_case_a.json,substantive repeated-success threshold,True,0,0,25,0,0,108
Graph 3-coloring,Qwen3-32B (think),qwen__Qwen__Qwen3-32B,N,40,1.0,0.0213903743315508,0.0213903743315508,,0.0,0.021390374331550804,3.469446951953614e-18,0.021390374331550804,,0.0,0.0019445794846864367,0.00148703137064257,0.0004575481140438667,,0.0,,0.0,0.0014870313706425691,True,1.0,0.0,0.23529411764705882,0.0,0.0,0.0,0.0,0.0,0.0,0.0,0.0,,,,,,,,,,,0.0,0.0,0.0,0.0,0.0,0.0,0.0,0.0,0.0,0.0,0.0019445794846864367,11,11,0.019445794846864366,0.0004575481140438674,187,17,17,17,17,17,17,17,17,17,17,17,17,17,17,17,17,17,17,17,17,17,17,0,0,187,1.0,4,,0,SAT_Group_Evaluation/analysis/graph_coloring_results_analysis/open_source_LLM_3_Colouring_group_adr_with_wilson_and_cp_RMC_graph_paper_case_a.json,substantive repeated-success threshold,True,0,0,49,0,0,136
Graph 3-coloring,Qwen3-32B (think),qwen__Qwen__Qwen3-32B,N,50,1.0,0.09090909090909091,0.09090909090909091,,0.0,0.0909090909090909,-1.3877787807814457e-17,0.0909090909090909,,0.0,0.008264462809917356,0.0,0.008264462809917356,,0.0,,0.0,1.925929944387236e-34,True,0.75,0.0,1.0,0.0,0.0,0.0,0.0,0.0,0.0,0.0,0.0,,,,,,,,,,,0.0,0.0,0.0,0.0,0.0,0.0,0.0,0.0,0.0,0.0,0.008264462809917356,11,11,0.08264462809917356,0.008264462809917356,33,4,3,3,3,3,3,3,3,3,3,3,3,3,3,3,3,3,3,3,3,3,3,0,0,39,0.8461538461538461,3,,0,SAT_Group_Evaluation/analysis/graph_coloring_results_analysis/open_source_LLM_3_Colouring_group_adr_with_wilson_and_cp_RMC_graph_paper_case_a.json,substantive repeated-success threshold,True,0,0,14,0,0,25
Graph 3-coloring,gpt-oss-20b (reason),OpenAI__openai__gpt-oss-20b,overall,all,1.0,0.31560283687943264,0.035460992907801414,,0.2801418439716312,0.2923284569836294,-0.02327437989580322,0.03416057122953675,,0.25816788575409266,0.1847079313687203,0.08510278072237454,0.09960515064634576,,0.07847945274382578,,0.17291697891488908,0.09925200460629063,True,0.9666666666666667,0.034482758620689655,0.6896551724137931,0.5517241379310345,0.41379310344827586,0.3103448275862069,0.2413793103448276,0.20689655172413793,0.20689655172413793,0.20689655172413793,0.20689655172413793,,,,,,,,,,,0.034482758620689655,0.4827586206896552,0.4827586206896552,0.41379310344827586,0.27586206896551724,0.2413793103448276,0.20689655172413793,0.20689655172413793,0.20689655172413793,0.1724137931034483,0.1847079313687203,11,11,0.1076205256149091,0.09960515064634576,282,30,28,20,29,29,29,29,29,29,29,29,29,29,29,28,29,27,29,25,29,24,29,0,0,315,0.8952380952380953,89,,79,SAT_Group_Evaluation/analysis/graph_coloring_results_analysis/open_source_LLM_3_Colouring_group_adr_with_wilson_and_cp_RMC_graph_paper_case_a.json,substantive repeated-success threshold,True,0,0,13,0,83,2
Graph 3-coloring,gpt-oss-20b (reason),OpenAI__openai__gpt-oss-20b,N,8,1.0,0.7857142857142857,0.023809523809523836,,0.7619047619047619,0.7818181818181819,-0.003896103896103842,0.025000000000000022,,0.7568181818181818,0.6389669421487604,0.021620003373250207,0.6173469387755102,,0.5804988662131518,,0.5964669421487604,0.02772727272727273,True,1.0,0.25,1.0,1.0,1.0,1.0,1.0,0.75,0.75,0.75,0.75,,,,,,,,,,,0.25,1.0,1.0,1.0,1.0,1.0,0.75,0.75,0.75,0.5,0.6389669421487604,11,11,0.14285123966942148,0.6173469387755102,42,4,4,4,4,4,4,4,4,4,4,4,4,4,4,4,4,4,4,4,4,4,4,0,0,43,0.9767441860465116,33,,32,SAT_Group_Evaluation/analysis/graph_coloring_results_analysis/open_source_LLM_3_Colouring_group_adr_with_wilson_and_cp_RMC_graph_paper_case_a.json,substantive repeated-success threshold,True,0,0,1,0,33,0
Graph 3-coloring,gpt-oss-20b (reason),OpenAI__openai__gpt-oss-20b,N,10,1.0,0.7142857142857143,0.0,,0.7142857142857143,0.696969696969697,-0.017316017316017285,0.0,,0.696969696969697,0.5298438934802572,0.019639811847604105,0.5102040816326531,,0.5102040816326531,,0.5298438934802572,0.04407713498622591,True,1.0,0.0,1.0,1.0,1.0,0.75,0.75,0.75,0.75,0.75,0.75,,,,,,,,,,,0.0,1.0,1.0,1.0,0.75,0.75,0.75,0.75,0.75,0.75,0.5298438934802572,11,11,0.16712580348943984,0.5102040816326531,42,4,4,3,4,4,4,4,4,4,4,4,4,4,4,4,4,4,4,4,4,4,4,0,0,44,0.9545454545454546,30,,30,SAT_Group_Evaluation/analysis/graph_coloring_results_analysis/open_source_LLM_3_Colouring_group_adr_with_wilson_and_cp_RMC_graph_paper_case_a.json,substantive repeated-success threshold,True,0,0,0,0,32,0
Graph 3-coloring,gpt-oss-20b (reason),OpenAI__openai__gpt-oss-20b,N,15,1.0,0.14285714285714285,0.023809523809523808,,0.11904761904761904,0.13636363636363635,-0.006493506493506496,0.02272727272727272,,0.11363636363636363,0.04132231404958678,0.02091415078428066,0.020408163265306117,,0.014172335600907027,,0.026859504132231406,0.022727272727272728,True,1.0,0.0,0.5,0.5,0.25,0.25,0.0,0.0,0.0,0.0,0.0,,,,,,,,,,,0.0,0.5,0.5,0.25,0.0,0.0,0.0,0.0,0.0,0.0,0.04132231404958678,11,11,0.09504132231404959,0.02040816326530612,42,4,4,3,4,4,4,4,4,4,4,4,4,4,4,4,4,4,4,4,4,4,4,0,0,44,0.9545454545454546,6,,5,SAT_Group_Evaluation/analysis/graph_coloring_results_analysis/open_source_LLM_3_Colouring_group_adr_with_wilson_and_cp_RMC_graph_paper_case_a.json,substantive repeated-success threshold,True,0,0,2,0,5,0
Graph 3-coloring,gpt-oss-20b (reason),OpenAI__openai__gpt-oss-20b,N,20,1.0,0.3,0.0,,0.3,0.3042929292929293,0.004292929292929293,0.0,,0.3042929292929293,0.10047775737169676,0.010477757371696761,0.09,,0.09,,0.10047775737169676,0.007883570554025098,True,1.0,0.0,1.0,1.0,0.75,0.25,0.0,0.0,0.0,0.0,0.0,,,,,,,,,,,0.0,1.0,1.0,0.75,0.25,0.0,0.0,0.0,0.0,0.0,0.10047775737169676,11,11,0.20381517192123252,0.09,40,4,4,3,4,4,4,4,4,4,4,4,4,4,4,4,4,4,4,4,4,4,4,0,0,44,0.9090909090909091,12,,12,SAT_Group_Evaluation/analysis/graph_coloring_results_analysis/open_source_LLM_3_Colouring_group_adr_with_wilson_and_cp_RMC_graph_paper_case_a.json,substantive repeated-success threshold,True,0,0,0,0,12,0
Graph 3-coloring,gpt-oss-20b (reason),OpenAI__openai__gpt-oss-20b,N,30,1.0,0.027777777777777776,0.027777777777777776,,0.0,0.025,-0.002777777777777775,0.025,,0.0,0.0024999999999999988,0.0017283950617283939,0.0007716049382716049,,0.0,,0.0,0.0018750000000000004,True,1.0,0.0,0.25,0.0,0.0,0.0,0.0,0.0,0.0,0.0,0.0,,,,,,,,,,,0.0,0.0,0.0,0.0,0.0,0.0,0.0,0.0,0.0,0.0,0.0025000000000000005,11,11,0.022500000000000003,0.0007716049382716049,36,4,3,3,4,4,4,4,4,4,4,4,4,4,4,3,4,3,4,3,4,3,4,0,0,41,0.8780487804878049,1,,0,SAT_Group_Evaluation/analysis/graph_coloring_results_analysis/open_source_LLM_3_Colouring_group_adr_with_wilson_and_cp_RMC_graph_paper_case_a.json,substantive repeated-success threshold,True,0,0,1,0,0,0
Graph 3-coloring,gpt-oss-20b (reason),OpenAI__openai__gpt-oss-20b,N,40,1.0,0.047619047619047616,0.047619047619047616,,0.0,0.041666666666666664,-0.005952380952380952,0.041666666666666664,,0.0,0.005208333333333333,0.0029407596371882035,0.0022675736961451295,,0.0,,0.0,0.0034722222222222225,True,0.75,0.0,0.3333333333333333,0.0,0.0,0.0,0.0,0.0,0.0,0.0,0.0,,,,,,,,,,,0.0,0.0,0.0,0.0,0.0,0.0,0.0,0.0,0.0,0.0,0.005208333333333333,8,11,0.036458333333333336,0.0022675736961451243,21,4,3,0,3,3,3,3,3,3,3,3,3,3,3,3,3,2,3,1,3,0,3,0,0,33,0.6363636363636364,1,,0,SAT_Group_Evaluation/analysis/graph_coloring_results_analysis/open_source_LLM_3_Colouring_group_adr_with_wilson_and_cp_RMC_graph_paper_case_a.json,substantive repeated-success threshold,True,0,0,1,0,1,1
Graph 3-coloring,gpt-oss-20b (reason),OpenAI__openai__gpt-oss-20b,N,50,1.0,0.06896551724137931,0.06896551724137931,,0.0,0.06060606060606061,-0.008359456635318702,0.06060606060606061,,0.0,0.011019283746556474,0.006263041178185491,0.004756242568370983,,0.0,,0.0,0.0073461891643709825,True,1.0,0.0,0.3333333333333333,0.3333333333333333,0.0,0.0,0.0,0.0,0.0,0.0,0.0,,,,,,,,,,,0.0,0.0,0.0,0.0,0.0,0.0,0.0,0.0,0.0,0.0,0.011019283746556474,11,11,0.049586776859504134,0.0047562425683709865,29,3,3,2,3,3,3,3,3,3,3,3,3,3,3,3,3,3,3,2,3,2,3,0,0,33,0.8787878787878788,2,,0,SAT_Group_Evaluation/analysis/graph_coloring_results_analysis/open_source_LLM_3_Colouring_group_adr_with_wilson_and_cp_RMC_graph_paper_case_a.json,substantive repeated-success threshold,True,0,0,2,0,0,1
Graph 3-coloring,gpt-oss-20b (reason),OpenAI__openai__gpt-oss-20b,N,60,1.0,0.13333333333333333,0.13333333333333333,,0.0,0.13097643097643097,-0.002356902356902363,0.13097643097643097,,0.0,0.018467843417338366,0.000690065639560599,0.017777777777777767,,0.0,,0.0,0.001313017946014579,True,1.0,0.0,1.0,0.3333333333333333,0.0,0.0,0.0,0.0,0.0,0.0,0.0,,,,,,,,,,,0.0,0.0,0.0,0.0,0.0,0.0,0.0,0.0,0.0,0.0,0.018467843417338366,11,11,0.11250858755909261,0.017777777777777778,30,3,3,2,3,3,3,3,3,3,3,3,3,3,3,3,3,3,3,3,3,3,3,0,0,33,0.9090909090909091,4,,0,SAT_Group_Evaluation/analysis/graph_coloring_results_analysis/open_source_LLM_3_Colouring_group_adr_with_wilson_and_cp_RMC_graph_paper_case_a.json,substantive repeated-success threshold,True,0,0,6,0,0,0
